{"cameraMode":{"drawMode":0,"name":"Shaded","section":"Shading Mode"},"sceneLighting":false,"audioPlay":false,"sceneViewState":{"showFog":true,"showMaterialUpdate":true,"showSkybox":false,"showFlares":true,"showImageEffects":true,"showParticleSystems":true},"in2DMode":false,"pivot":{"x":-6.949999809265137,"y":0.7194962501525879,"z":-4.190000057220459},"rotation":{"x":0.09430357068777085,"y":0.8742650151252747,"z":-0.18853557109832765,"w":0.4372936189174652},"size":2.3038008213043215,"orthographic":false}