{"cameraMode":{"drawMode":0,"name":"Shaded","section":"Shading Mode"},"sceneLighting":false,"audioPlay":false,"sceneViewState":{"showFog":true,"showMaterialUpdate":true,"showSkybox":false,"showFlares":true,"showImageEffects":true,"showParticleSystems":true},"in2DMode":false,"pivot":{"x":12.312958717346192,"y":0.7711334228515625,"z":5.938713073730469},"rotation":{"x":0.25222504138946535,"y":-0.01306845247745514,"z":0.0033965683542191984,"w":0.9675838947296143},"size":8.791587829589844,"orthographic":false}