{"cameraMode":{"drawMode":0,"name":"Shaded","section":"Shading Mode"},"sceneLighting":false,"audioPlay":false,"sceneViewState":{"showFog":false,"showMaterialUpdate":false,"showSkybox":false,"showFlares":false,"showImageEffects":false,"showParticleSystems":false},"in2DMode":false,"pivot":{"x":-11.427830696105957,"y":0.5773615837097168,"z":-0.06390905380249024},"rotation":{"x":0.13739080727100373,"y":-0.7136157751083374,"z":0.1460677534341812,"w":0.6712233424186707},"size":6.531854152679443,"orthographic":false}