{"cameraMode":{"drawMode":0,"name":"Shaded","section":"Shading Mode"},"sceneLighting":false,"audioPlay":false,"sceneViewState":{"showFog":false,"showMaterialUpdate":false,"showSkybox":false,"showFlares":false,"showImageEffects":false,"showParticleSystems":false},"in2DMode":false,"pivot":{"x":-7.075584411621094,"y":1.0603115558624268,"z":-3.3720510005950929},"rotation":{"x":0.2561150789260864,"y":0.27921465039253237,"z":-0.07754529267549515,"w":0.9221886992454529},"size":0.5759503245353699,"orthographic":false}