{"cameraMode":{"drawMode":0,"name":"Shaded","section":"Shading Mode"},"sceneLighting":false,"audioPlay":false,"sceneViewState":{"showFog":true,"showMaterialUpdate":true,"showSkybox":false,"showFlares":true,"showImageEffects":true,"showParticleSystems":true},"in2DMode":false,"pivot":{"x":0.0,"y":1.3599998950958253,"z":-4.519999980926514},"rotation":{"x":0.14083217084407807,"y":-0.12765146791934968,"z":0.01835070736706257,"w":0.9816297292709351},"size":1.669839859008789,"orthographic":false}