{"cameraMode":{"drawMode":0,"name":"Shaded","section":"Shading Mode"},"sceneLighting":false,"audioPlay":false,"sceneViewState":{"showFog":true,"showMaterialUpdate":true,"showSkybox":false,"showFlares":true,"showImageEffects":true,"showParticleSystems":true},"in2DMode":false,"pivot":{"x":-6.949999809265137,"y":0.7194962501525879,"z":-4.190000057220459},"rotation":{"x":0.2546451687812805,"y":-0.4248158931732178,"z":0.1258404552936554,"w":0.8595913052558899},"size":2.3038008213043215,"orthographic":false}