{"cameraMode":{"drawMode":0,"name":"Shaded","section":"Shading Mode"},"sceneLighting":false,"audioPlay":false,"sceneViewState":{"showFog":false,"showMaterialUpdate":false,"showSkybox":false,"showFlares":false,"showImageEffects":false,"showParticleSystems":false},"in2DMode":false,"pivot":{"x":14.843011856079102,"y":-0.1492471694946289,"z":-0.5806093215942383},"rotation":{"x":0.15071649849414826,"y":-0.3282705545425415,"z":0.05314450338482857,"w":0.9309664964675903},"size":12.368682861328125,"orthographic":false}