{"cameraMode":{"drawMode":0,"name":"Shaded","section":"Shading Mode"},"sceneLighting":false,"audioPlay":false,"sceneViewState":{"showFog":false,"showMaterialUpdate":false,"showSkybox":false,"showFlares":false,"showImageEffects":false,"showParticleSystems":false},"in2DMode":false,"pivot":{"x":0.027515411376953126,"y":-0.4649085998535156,"z":49.006839752197269},"rotation":{"x":0.1963527500629425,"y":-0.6692726016044617,"z":0.19020652770996095,"w":0.6908987760543823},"size":11.379573822021485,"orthographic":false}