{"cameraMode":{"drawMode":0,"name":"Shaded","section":"Shading Mode"},"sceneLighting":false,"audioPlay":false,"sceneViewState":{"showFog":true,"showMaterialUpdate":true,"showSkybox":false,"showFlares":true,"showImageEffects":true,"showParticleSystems":true},"in2DMode":false,"pivot":{"x":-6.949999809265137,"y":0.7194962501525879,"z":-4.190000057220459},"rotation":{"x":-0.17000818252563477,"y":-0.7716934084892273,"z":0.23112526535987855,"w":-0.5676385164260864},"size":2.3038008213043215,"orthographic":false}