{"cameraMode":{"drawMode":0,"name":"Shaded","section":"Shading Mode"},"sceneLighting":true,"audioPlay":false,"sceneViewState":{"showFog":true,"showMaterialUpdate":true,"showSkybox":true,"showFlares":true,"showImageEffects":true,"showParticleSystems":true},"in2DMode":false,"pivot":{"x":-133.06690979003907,"y":52.48530197143555,"z":26.776512145996095},"rotation":{"x":0.15795618295669557,"y":0.7767287492752075,"z":-0.21494236588478089,"w":0.5706211924552918},"size":34.80086135864258,"orthographic":false}