{"cameraMode":{"drawMode":0,"name":"Shaded","section":"Shading Mode"},"sceneLighting":false,"audioPlay":false,"sceneViewState":{"showFog":false,"showMaterialUpdate":false,"showSkybox":false,"showFlares":false,"showImageEffects":false,"showParticleSystems":false},"in2DMode":false,"pivot":{"x":-6.949999809265137,"y":0.7194962501525879,"z":-4.190000057220459},"rotation":{"x":0.323151558637619,"y":0.6278311610221863,"z":-0.3216058015823364,"w":0.6308500170707703},"size":3.557668924331665,"orthographic":false}